{
  "C1:  RK45+Std+GT@100": {
    "SE3": 0.14731566504798593,
    "Geo": 0.2546456985725566,
    "GeoAdaptive": 0.2806303277348484,
    "L1-Geo": 0.23973042128520855,
    "INDI": 0.13698986551848422
  },
  "C2:  RK45+BEM+GT@100": {
    "SE3": 0.16352155079716044,
    "Geo": 0.2677152552603861,
    "GeoAdaptive": 0.37482899182493434,
    "L1-Geo": 0.313002100738774,
    "INDI": 0.1788454151661694
  },
  "C3:  RK45+BEM+GT@500": {
    "SE3": 0.16290840095894635,
    "Geo": 0.27823684995320125,
    "GeoAdaptive": 0.3712705571312775,
    "L1-Geo": "X(2.1s)",
    "INDI": 0.1810946325895909
  },
  "C4:  RK45+Std+GT@500": {
    "SE3": 0.1485002988375666,
    "Geo": 0.262187756290859,
    "GeoAdaptive": 0.2828298671778189,
    "L1-Geo": 25.40913193730289,
    "INDI": 0.13443387192854367
  },
  "C5:  LGVI+Std+GT@100": {
    "SE3": 0.1446532689411483,
    "Geo": 0.23382880555706523,
    "GeoAdaptive": 1.763153243293645,
    "L1-Geo": 0.19111222291058066,
    "INDI": 0.17519613598279662
  },
  "C6:  LGVI+BEM+GT@100": {
    "SE3": 0.16649377488216235,
    "Geo": "X(2.3s)",
    "GeoAdaptive": "X(4.4s)",
    "L1-Geo": 0.30774806692162565,
    "INDI": 3.6262678078857187
  },
  "C7:  LGVI+Std+GT@500": {
    "SE3": 0.15061771059033593,
    "Geo": 0.23695851151353184,
    "GeoAdaptive": 0.28166427839769065,
    "L1-Geo": 30.391837412246257,
    "INDI": 0.13806375227693354
  },
  "C8:  LGVI+BEM+GT@500": {
    "SE3": 0.16432599350987653,
    "Geo": 0.2480809913025773,
    "GeoAdaptive": 0.3757482375405737,
    "L1-Geo": "X(2.1s)",
    "INDI": 0.18419292973454518
  },
  "C9:  LGVI+BEM+LIEKF@100": {
    "SE3": 6.689318646047285,
    "Geo": "X(3.0s)",
    "GeoAdaptive": "X(3.4s)",
    "L1-Geo": "X(4.4s)",
    "INDI": "X(3.1s)"
  },
  "C10: LGVI+BEM+LIEKF@500": {
    "SE3": 0.16311430219062079,
    "Geo": 0.28163526650701937,
    "GeoAdaptive": 0.37980219215768135,
    "L1-Geo": "X(2.1s)",
    "INDI": 0.5269162495321471
  }
}